{"cameraMode":{"drawMode":0,"name":"Shaded","section":"Shading Mode"},"sceneLighting":false,"audioPlay":false,"sceneViewState":{"showFog":true,"showMaterialUpdate":false,"showSkybox":false,"showFlares":true,"showImageEffects":true,"showParticleSystems":true},"in2DMode":false,"pivot":{"x":9.880000114440918,"y":-6.949999809265137,"z":100.0},"rotation":{"x":-0.042295217514038089,"y":0.009588056243956089,"z":-0.00040592491859570146,"w":-0.9990590810775757},"size":49.263187408447269,"orthographic":false}